-- Inserir dados na tabela MOTORISTAS
INSERT INTO USR_LOGISTICA_MOTORISTAS (MOTORISTA_ID, NOME, CNH, TELEFONE) VALUES (1, 'Carlos Silva', '12345678900', '(11) 91234-5678');
INSERT INTO USR_LOGISTICA_MOTORISTAS (MOTORISTA_ID, NOME, CNH, TELEFONE) VALUES (2, 'Ana Souza', '23456789001', '(21) 98765-4321');
INSERT INTO USR_LOGISTICA_MOTORISTAS (MOTORISTA_ID, NOME, CNH, TELEFONE) VALUES (3, 'João Pereira', '34567890102', '(31) 99876-5432');
INSERT INTO USR_LOGISTICA_MOTORISTAS (MOTORISTA_ID, NOME, CNH, TELEFONE) VALUES (4, 'Maria Oliveira', '45678901203', '(41) 98765-4321');
INSERT INTO USR_LOGISTICA_MOTORISTAS (MOTORISTA_ID, NOME, CNH, TELEFONE) VALUES (5, 'Roberto Costa', '56789012304', '(51) 97654-3210');
-- Adicione mais 10 motoristas para popular a tabela
-- ...

-- Inserir dados na tabela VEICULOS
INSERT INTO USR_LOGISTICA_VEICULOS (VEICULO_ID, PLACA, MODELO, CAPACIDADE_CARGA, STATUS) VALUES (1, 'ABC-1234', 'Mercedes-Benz 2030', 1500.00, 'Disponível');
INSERT INTO USR_LOGISTICA_VEICULOS (VEICULO_ID, PLACA, MODELO, CAPACIDADE_CARGA, STATUS) VALUES (2, 'XYZ-5678', 'Volvo FH 460', 2000.00, 'Em Manutenção');
INSERT INTO USR_LOGISTICA_VEICULOS (VEICULO_ID, PLACA, MODELO, CAPACIDADE_CARGA, STATUS) VALUES (3, 'LMN-9876', 'Scania R 500', 1800.00, 'Disponível');
INSERT INTO USR_LOGISTICA_VEICULOS (VEICULO_ID, PLACA, MODELO, CAPACIDADE_CARGA, STATUS) VALUES (4, 'DEF-4321', 'Volkswagen Constellation', 1300.00, 'Em Manutenção');
INSERT INTO USR_LOGISTICA_VEICULOS (VEICULO_ID, PLACA, MODELO, CAPACIDADE_CARGA, STATUS) VALUES (5, 'GHI-6789', 'Ford Cargo 1841', 2200.00, 'Disponível');
-- Adicione mais 10 veículos para popular a tabela
-- ...

-- Inserir dados na tabela ROTAS
INSERT INTO USR_LOGISTICA_ROTAS (ROTA_ID, ORIGEM, DESTINO, DISTANCIA) VALUES (1, 'São Paulo', 'Rio de Janeiro', 430.50);
INSERT INTO USR_LOGISTICA_ROTAS (ROTA_ID, ORIGEM, DESTINO, DISTANCIA) VALUES (2, 'Belo Horizonte', 'Vitória', 520.30);
INSERT INTO USR_LOGISTICA_ROTAS (ROTA_ID, ORIGEM, DESTINO, DISTANCIA) VALUES (3, 'Curitiba', 'Florianópolis', 300.00);
INSERT INTO USR_LOGISTICA_ROTAS (ROTA_ID, ORIGEM, DESTINO, DISTANCIA) VALUES (4, 'Porto Alegre', 'Santa Maria', 300.25);
INSERT INTO USR_LOGISTICA_ROTAS (ROTA_ID, ORIGEM, DESTINO, DISTANCIA) VALUES (5, 'Recife', 'João Pessoa', 120.00);
-- Adicione mais 5 rotas para popular a tabela
-- ...

-- Inserir dados na tabela VIAGENS
INSERT INTO USR_LOGISTICA_VIAGENS (VIAGEM_ID, VEICULO_ID, MOTORISTA_ID, ROTA_ID, DATA_PARTIDA, DATA_CHEGADA, STATUS) 
VALUES (1, 1, 1, 1, TO_DATE('2024-12-05 08:00:00', 'YYYY-MM-DD HH24:MI:SS'), TO_DATE('2024-12-05 18:00:00', 'YYYY-MM-DD HH24:MI:SS'), 'Concluída');

INSERT INTO USR_LOGISTICA_VIAGENS (VIAGEM_ID, VEICULO_ID, MOTORISTA_ID, ROTA_ID, DATA_PARTIDA, DATA_CHEGADA, STATUS) 
VALUES (2, 2, 2, 2, TO_DATE('2024-12-06 09:00:00', 'YYYY-MM-DD HH24:MI:SS'), TO_DATE('2024-12-06 19:30:00', 'YYYY-MM-DD HH24:MI:SS'), 'Em Andamento');

INSERT INTO USR_LOGISTICA_VIAGENS (VIAGEM_ID, VEICULO_ID, MOTORISTA_ID, ROTA_ID, DATA_PARTIDA, DATA_CHEGADA, STATUS) 
VALUES (3, 3, 3, 3, TO_DATE('2024-12-07 07:30:00', 'YYYY-MM-DD HH24:MI:SS'), TO_DATE('2024-12-07 18:15:00', 'YYYY-MM-DD HH24:MI:SS'), 'Pendente');

INSERT INTO USR_LOGISTICA_VIAGENS (VIAGEM_ID, VEICULO_ID, MOTORISTA_ID, ROTA_ID, DATA_PARTIDA, DATA_CHEGADA, STATUS) 
VALUES (4, 4, 4, 4, TO_DATE('2024-12-08 10:00:00', 'YYYY-MM-DD HH24:MI:SS'), TO_DATE('2024-12-08 20:45:00', 'YYYY-MM-DD HH24:MI:SS'), 'Em Andamento');

INSERT INTO USR_LOGISTICA_VIAGENS (VIAGEM_ID, VEICULO_ID, MOTORISTA_ID, ROTA_ID, DATA_PARTIDA, DATA_CHEGADA, STATUS) 
VALUES (5, 5, 5, 5, TO_DATE('2024-12-09 06:00:00', 'YYYY-MM-DD HH24:MI:SS'), TO_DATE('2024-12-09 16:30:00', 'YYYY-MM-DD HH24:MI:SS'), 'Concluída');
-- Adicione mais 10 viagens para popular a tabela
-- ...

-- Inserir dados na tabela CLIENTES
INSERT INTO USR_LOGISTICA_CLIENTES (CLIENTE_ID, NOME, TELEFONE, EMAIL, ENDERECO) 
VALUES (1, 'Empresa ABC', '(11) 3344-5566', 'contato@empresaabc.com', 'Rua A, 123, São Paulo');
INSERT INTO USR_LOGISTICA_CLIENTES (CLIENTE_ID, NOME, TELEFONE, EMAIL, ENDERECO) 
VALUES (2, 'Cliente XYZ', '(21) 4444-7788', 'cliente.xyz@mail.com', 'Avenida B, 456, Rio de Janeiro');
INSERT INTO USR_LOGISTICA_CLIENTES (CLIENTE_ID, NOME, TELEFONE, EMAIL, ENDERECO) 
VALUES (3, 'Logística Soluções', '(31) 5555-6666', 'logistica@solucoes.com', 'Rua C, 789, Belo Horizonte');
INSERT INTO USR_LOGISTICA_CLIENTES (CLIENTE_ID, NOME, TELEFONE, EMAIL, ENDERECO) 
VALUES (4, 'Transportes e Cia', '(41) 7777-8888', 'transporte@ciatransportadora.com', 'Avenida D, 321, Curitiba');
INSERT INTO USR_LOGISTICA_CLIENTES (CLIENTE_ID, NOME, TELEFONE, EMAIL, ENDERECO) 
VALUES (5, 'Distribuidora Gama', '(51) 8888-9999', 'contato@distribuidoragama.com', 'Rua E, 654, Porto Alegre');
-- Adicione mais 10 clientes para popular a tabela
-- ...

-- Inserir dados na tabela ENTREGAS
INSERT INTO USR_LOGISTICA_ENTREGAS (ENTREGA_ID, VIAGEM_ID, CLIENTE_ID, ENDERECO_ENTREGA, STATUS) 
VALUES (1, 1, 1, 'Rua A, 123, São Paulo', 'Entregue');
INSERT INTO USR_LOGISTICA_ENTREGAS (ENTREGA_ID, VIAGEM_ID, CLIENTE_ID, ENDERECO_ENTREGA, STATUS) 
VALUES (2, 2, 2, 'Avenida B, 456, Rio de Janeiro', 'Pendente');
INSERT INTO USR_LOGISTICA_ENTREGAS (ENTREGA_ID, VIAGEM_ID, CLIENTE_ID, ENDERECO_ENTREGA, STATUS) 
VALUES (3, 3, 3, 'Rua C, 789, Belo Horizonte', 'Em Processo');
INSERT INTO USR_LOGISTICA_ENTREGAS (ENTREGA_ID, VIAGEM_ID, CLIENTE_ID, ENDERECO_ENTREGA, STATUS) 
VALUES (4, 4, 4, 'Avenida D, 321, Curitiba', 'Entregue');
INSERT INTO USR_LOGISTICA_ENTREGAS (ENTREGA_ID, VIAGEM_ID, CLIENTE_ID, ENDERECO_ENTREGA, STATUS) 
VALUES (5, 5, 5, 'Rua E, 654, Porto Alegre', 'Em Processo');
-- Adicione mais 10 entregas para popular a tabela
-- ...
